station,listed_address,zip,placement,note,latitude,longitude
DCAS_QBH_1_L3,Union Tpke/Queens Blvd,11415,facility,"Queens Borough Hall, with the rest of its station group",40.713329,-73.828601
DCAS_QBH_2_L3,Union Tpke/Queens Blvd,11415,facility,"Queens Borough Hall, with the rest of its station group",40.713329,-73.828601
DCAS_QBH_3_L3,Union Tpke/Queens Blvd,11415,facility,"Queens Borough Hall, with the rest of its station group",40.713329,-73.828601
DDC_LIC-3,2 31St St,11101,facility,"Design and Construction headquarters in Long Island City, with the rest of its station group",40.745095,-73.936635
DEP_26WARD_1_L3,165 Schroeders Ave,11239,facility,"26th Ward wastewater plant, with the rest of its station group",40.648214,-73.877613
DEP_6PCT_1_L3,2 Walker Rd,10595,address,geocoded by the Census Bureau,41.076167681231,-73.81380852369
DEP_7WARDSI-S2,4 Central Rd,10035,facility,"Wards Island wastewater plant, with the rest of its station group",40.791469,-73.921474
DEP_ARKVILLE-1,Co Rd 38,12406,facility,"Environmental Protection, Arkville, with the rest of its station group",42.159014080056,-74.619755863898
DEP_ARKVILLE-2,669 County Road 38,12406,address,geocoded by the Census Bureau,42.159014080056,-74.619755863898
DEP_ARKVILLE-3,669 County Road 38,12406,address,geocoded by the Census Bureau,42.159014080056,-74.619755863898
DEP_ARKVILLE-4,669 County Road 38,12406,address,geocoded by the Census Bureau,42.159014080056,-74.619755863898
DEP_ARKVILLE-5,669 Co Rd 38,12406,address,geocoded by the Census Bureau,42.159014080056,-74.619755863898
DEP_ASHOKANBNL1,2471 B W S Rd,12461,approx,"Ashokan Reservoir area, Olivebridge; the listed address could not be matched",41.945705370217,-74.203419947524
DEP_ASHOKANBNL2,2471 B W S Rd,12461,approx,"Ashokan Reservoir area, Olivebridge; the listed address could not be matched",41.945705370217,-74.203419947524
DEP_ASHOKN_1_L3,2398 NY-28A,12461,address,geocoded by the Census Bureau,41.945705370217,-74.203419947524
DEP_AVIATN_1_L3,84 Citation Dr,12590,address,geocoded by the Census Bureau,41.628749794008,-73.887692909417
DEP_AVIATN_2_L3,84 Citation Dr,12590,address,geocoded by the Census Bureau,41.628749794008,-73.887692909417
DEP_BEERSTNPCT,21852 NY-10,13856,address,geocoded by the Census Bureau,42.124691907227,-75.16340106973
DEP_CDIS4_01,911 State Rt. 208,12589,address,geocoded by the Census Bureau,41.650617861747,-74.13926248473
DEP_CRFLSP_1_L3,16 Samantha Lane,10512,address,,41.3592604,-73.6693991
DEP_CROTONLK-1,1020 Croton Dam Road,10598,approx,Croton Dam Road; the listed number could not be matched,41.234484600507,-73.804284537714
DEP_CROTONLK-2,1120 Croton Dam Road,10598,address,geocoded by the Census Bureau,41.234484600507,-73.804284537714
DEP_CRSSRIVER-1,241 Cross River Rd,10536,address,geocoded by the Census Bureau,41.2685197585,-73.660718204668
DEP_CRSSRIVER-2,241 Cross River Rd,10536,address,geocoded by the Census Bureau,41.2685197585,-73.660718204668
DEP_CRTNLK_1_L3,1120 Croton Dam Road,10598,address,geocoded by the Census Bureau,41.234484600507,-73.804284537714
DEP_GILBOA_1_L3,370 NY-990V,12076,address,geocoded by the Census Bureau,42.391809856002,-74.446389090586
DEP_GRAHMSVLLE1,7870 Ny-42,12740,address,geocoded by the Census Bureau,41.841964562641,-74.542304000378
DEP_GRAHMSVLLE2,7866 Ny-42,12740,address,geocoded by the Census Bureau,41.841911658355,-74.542244443888
DEP_GRAHMSVLLE3,7866 NY-42,12740,address,geocoded by the Census Bureau,41.841911658355,-74.542244443888
DEP_GRAHMSVLLE4,7870 New York 42,12740,address,geocoded by the Census Bureau,41.841964562641,-74.542304000378
DEP_GRHMS_1_L3,7892 42,12740,approx,"Route 42, Grahamsville; the listed number could not be matched",41.841964562641,-74.542304000378
DEP_GRHMS_2_L3,7866 New York 42,12740,address,geocoded by the Census Bureau,41.841911658355,-74.542244443888
DEP_GRNGRG_1_L3,570 Van Aken Road,12434,address,,42.3614585,-74.4734574
DEP_HILLVW1A-B,123 Hillview Ave,10704,address,geocoded by the Census Bureau,40.908910736479,-73.871191174378
DEP_HILLVW2A-B,100 Central Park Avenue,10704,address,geocoded by the Census Bureau,40.909968810367,-73.876864354095
DEP_HILLVW-S2,492 Central Park Ave,10704,address,geocoded by the Census Bureau,40.917660499599,-73.870052423169
DEP_HUDRIVPUMP1,199 River Rd N,12590,address,geocoded by the Census Bureau,41.561194894629,-73.957358544219
DEP_HUDRIVPUMP2,199 River Rd N,12590,address,geocoded by the Census Bureau,41.561194894629,-73.957358544219
DEP_KINGSTON-1,91 Smith Ave,12401,address,geocoded by the Census Bureau,41.93061028861,-73.998957660023
DEP_KINGSTON-2,91 Smith Ave,12401,address,geocoded by the Census Bureau,41.93061028861,-73.998957660023
DEP_KINGSTON-3,91 Smith Ave,12401,address,geocoded by the Census Bureau,41.93061028861,-73.998957660023
DEP_KINGSTONDPS,134 Flatbush Ave,12401,address,geocoded by the Census Bureau,41.938821967283,-73.995932124345
DEP_KNGSTN_1_L3,71 Smith Avenue,12401,address,geocoded by the Census Bureau,41.930305092752,-73.998458388263
DEP_MARGWW#1,41158 New York 28,12455,address,,42.1394743,-74.6552465
DEP_MARVIL_1_L3,41158 NY-28,12455,address,,42.1394743,-74.6552465
DEP_PORTJERVIS,43 N Maple Ave,12771,address,geocoded by the Census Bureau,41.361397122968,-74.682992633478
DEP_PTJRVS_1_L3,46 North Maple Avenue,12771,address,geocoded by the Census Bureau,41.361801946537,-74.682324542497
DEP_ROCKAWAY106,5-36 Beach Channel Dr,11694,facility,"Rockaway wastewater plant, 106-21 Beach Channel Drive",40.583737,-73.829845
DEP_SH18_1_L3,20 Westlake Dr,10595,address,geocoded by the Census Bureau,41.093240180853,-73.768317588963
DEP_SHAFT10-1,1286 US-6,10512,address,geocoded by the Census Bureau,41.401352365703,-73.705957462311
DEP_SHAFT10-2,1286 US-6,10512,address,geocoded by the Census Bureau,41.401352365703,-73.705957462311
DEP_SHAFT18,20 Westlake Dr,10595,address,geocoded by the Census Bureau,41.093240180853,-73.768317588963
DEP_SHAFT18-2,1 W Westlake Dr,10595,address,geocoded by the Census Bureau,41.090539884746,-73.772349840516
DEP_SHAFT18-3,1 W Westlake Dr,10595,address,geocoded by the Census Bureau,41.090539884746,-73.772349840516
DEP_SHAFT18-4,20 Westlake Dr,10595,address,geocoded by the Census Bureau,41.093240180853,-73.768317588963
DEP_SHAFT6_1_L3,201 River Road North,12590,address,geocoded by the Census Bureau,41.561230024872,-73.957216126461
DEP_SHFT10_1_L3,1286 U.S. 6,10512,address,geocoded by the Census Bureau,41.401352365703,-73.705957462311
DEP_SUTTON_1_L3,465 Columbus Avenue,10595,address,geocoded by the Census Bureau,41.098901256208,-73.777294205242
DEP_SUTTON_2_L3,465 Columbus Avenue,10595,address,geocoded by the Census Bureau,41.098901256208,-73.777294205242
DEP_TALLMAN-1,182 Powells Cove Blvd,11356,facility,"Tallman Island wastewater plant, 127-01 Powells Cove Boulevard",40.794058,-73.840271
DEP_TALLMAN-2,182 Powells Cove Blvd,11356,facility,"Tallman Island wastewater plant, 127-01 Powells Cove Boulevard",40.794058,-73.840271
DEP_TALLMAN-3,182 Powells Cove Blvd,11356,facility,"Tallman Island wastewater plant, 127-01 Powells Cove Boulevard",40.794058,-73.840271
DEP_TALLMAN-4,182 Powells Cove Blvd,11356,facility,"Tallman Island wastewater plant, 127-01 Powells Cove Boulevard",40.794058,-73.840271
DEP_TALLMAN-5,182 Powells Cove Blvd,11356,facility,"Tallman Island wastewater plant, 127-01 Powells Cove Boulevard",40.794058,-73.840271
DEP_TALLMAN-6,182 Powells Cove Blvd,11356,facility,"Tallman Island wastewater plant, 127-01 Powells Cove Boulevard",40.794058,-73.840271
DEP_TALLMAN-7,182 Powells Cove Blvd,11356,facility,"Tallman Island wastewater plant, 127-01 Powells Cove Boulevard",40.794058,-73.840271
DEP_TALLMAN-8,182 Powells Cove Blvd,11356,facility,"Tallman Island wastewater plant, 127-01 Powells Cove Boulevard",40.794058,-73.840271
DEP_TALLMAN-9,182 Powells Cove Blvd,11356,facility,"Tallman Island wastewater plant, 127-01 Powells Cove Boulevard",40.794058,-73.840271
DEP_TANNRSVLE-1,130 Allen Lane,12485,address,,42.1868094,-74.151367
DEP_TNRVLE_1_L3,130 Allen Lane,12485,address,,42.1868094,-74.151367
DEP_WARDS ISLAN,Hell Gate Cir,10035,facility,"Wards Island wastewater plant, with the rest of its station group",40.791469,-73.921474
DEP_WDRC#1,3525 State Highway 10,13754,approx,on State Highway 10 in Deposit; the house number could not be matched,42.054458,-75.4137616
DEP_WS465COLU1,465 Columbus Ave,10595,address,geocoded by the Census Bureau,41.098901256208,-73.777294205242
DEP_WS465COLU2,465 Columbus Ave,10595,address,geocoded by the Census Bureau,41.098901256208,-73.777294205242
DEPCNY_ISL_2_L3,3002 Knapp St,11235,facility,"Coney Island wastewater plant, with the rest of its station group",40.592085,-73.932521
DEPDOWNSVILLE_1,20 New York City Highway 30A,13755,approx,"Downsville, at the Pepacton Reservoir dam; the listed address could not be matched",42.0742723,-74.9678903
DEPDOWNSVILLE_2,40 New York City Highway 30A,13755,approx,"Downsville, at the Pepacton Reservoir dam; the listed address could not be matched",42.0742723,-74.9678903
DEPDOWNSVILLE_3,20 New York City Highway 30A,13755,approx,"Downsville, at the Pepacton Reservoir dam; the listed address could not be matched",42.0742723,-74.9678903
DEPDOWNSVILLE_4,20 New York City Highway 30A,13755,approx,"Downsville, at the Pepacton Reservoir dam; the listed address could not be matched",42.0742723,-74.9678903
DEPDOWNSVILLE_5,20 New York City Highway 30A,13755,approx,"Downsville, at the Pepacton Reservoir dam; the listed address could not be matched",42.0742723,-74.9678903
DOC_RNDC-1,11-11 Hazen Street,11370,address,geocoded by the city (Planning Labs GeoSearch),40.788993,-73.882139
DEPPLSNTVLEALUM-S1,116 Broadway,10570,address,geocoded by the Census Bureau,41.136541068054,-73.777430178681
DEPROCKAWY_1_L3,106 Beach Channel Dr,11694,facility,"Rockaway wastewater plant, 106-21 Beach Channel Drive",40.583737,-73.829845
DEPROCKAWY_2_L3,106 Beach Channel Dr,11694,facility,"Rockaway wastewater plant, 106-21 Beach Channel Drive",40.583737,-73.829845
DEPROCKAWY_3_L3,106 Beach Channel Dr,11694,facility,"Rockaway wastewater plant, 106-21 Beach Channel Drive",40.583737,-73.829845
DEPROCKAWY_4_L3,106 Beach Channel Dr,11694,facility,"Rockaway wastewater plant, 106-21 Beach Channel Drive",40.583737,-73.829845
DEPROCKAWY_5_L3,106 Beach Channel Dr,11694,facility,"Rockaway wastewater plant, 106-21 Beach Channel Drive",40.583737,-73.829845
DEPROCKAWY_6_L3,106 Beach Channel Dr,11694,facility,"Rockaway wastewater plant, 106-21 Beach Channel Drive",40.583737,-73.829845
DEPVALHALLA1_L3,10 Walker Rd,10595,address,geocoded by the Census Bureau,41.076676582738,-73.813644116407
DOC_CHAPEL_1_L3,0 Hazen St,11370,facility,"Rikers Island, with the rest of its station group",40.790301,-73.884412
DOC_DCFLEET,15 Hazen St,11370,approx,Rikers Island; the listed address does not pin down a spot on the island,40.790576,-73.881894
DOC_DIVISION-2,Hillside Ave,10474,approx,Rikers Island; the listed address does not pin down a spot on the island,40.790576,-73.881894
DOC_ENVHEALTH,Hillside Ave,10474,approx,Rikers Island; the listed address does not pin down a spot on the island,40.790576,-73.881894
DOC_ETAYLOR-S,Rikers Is Br Appr,11371,approx,Rikers Island; the listed address does not pin down a spot on the island,40.790576,-73.881894
DOC_FFF-CPT,120 Construction Way,11105,approx,Rikers Island; the listed address does not pin down a spot on the island,40.790576,-73.881894
DOC_FMRDCOMPLEX,0 Hazen St,11370,approx,Rikers Island; the listed address does not pin down a spot on the island,40.790576,-73.881894
DOC_FMRDPLUMB#1,14 Hazen St,11370,approx,Rikers Island; the listed address does not pin down a spot on the island,40.790576,-73.881894
DOC_FMRD-WH,Hazen St,10474,approx,Rikers Island; the listed address does not pin down a spot on the island,40.790576,-73.881894
DOC_HAZENDCFC,Hazen St,10474,approx,Rikers Island; the listed address does not pin down a spot on the island,40.790576,-73.881894
DOC_HAZENLOT-S1,Hazen St,10474,facility,"Rikers Island, with the rest of its station group",40.790976,-73.884374
DOC_HAZENLOT-S2,Hazen St,10474,facility,"Rikers Island, with the rest of its station group",40.790976,-73.884374
DOC_HAZENLOT-S3,Hazen St,10474,facility,"Rikers Island, with the rest of its station group",40.790976,-73.884374
DOC_HAZENLT1A-B,Hazen St,10474,approx,Rikers Island; the listed address does not pin down a spot on the island,40.790576,-73.881894
DOC_HAZENLT2A-B,Hazen St,10474,approx,Rikers Island; the listed address does not pin down a spot on the island,40.790576,-73.881894
DOC_IT_WAREHSE,15B West 5th Street East Elmhurst,11370,approx,Rikers Island; the listed address does not pin down a spot on the island,40.790576,-73.881894
DOC_MCD_IT_1,0 Hazen St,11370,approx,Rikers Island; the listed address does not pin down a spot on the island,40.790576,-73.881894
DOC_PREA-1,1 Construction Way,11371,approx,Rikers Island; the listed address does not pin down a spot on the island,40.790576,-73.881894
DOC_PREA-2,1 Construction Way,11371,approx,Rikers Island; the listed address does not pin down a spot on the island,40.790576,-73.881894
DOC_RI-INVDIV-1,Hillside Ave,10474,approx,Rikers Island; the listed address does not pin down a spot on the island,40.790576,-73.881894
DOC_RI-INVDIV-2,Hillside Ave,10474,approx,Rikers Island; the listed address does not pin down a spot on the island,40.790576,-73.881894
DOC_RI-INVDIV-S,Hillside Ave,10474,approx,Rikers Island; the listed address does not pin down a spot on the island,40.790576,-73.881894
DOC_SDC-1,SDC OFFICE,11370,approx,Rikers Island; the listed address does not pin down a spot on the island,40.790576,-73.881894
DOC_VTF_1,15 W 5th St,11370,approx,Rikers Island; the listed address does not pin down a spot on the island,40.790576,-73.881894
DOCCIBWESTFAC,West Facility Cib,11370,facility,"West Facility, Rikers Island",40.790868,-73.8908
DOCCMUTRAILER01,50 Construction Way,11371,approx,Rikers Island; the listed address does not pin down a spot on the island,40.790576,-73.881894
DOCCWOD3,Hillside Ave,10474,approx,Rikers Island; the listed address does not pin down a spot on the island,40.790576,-73.881894
DOCTRANSARSEN01,Hillside Ave,10474,approx,Rikers Island; the listed address does not pin down a spot on the island,40.790576,-73.881894
DOCTRANSARSEN02,Hillside Ave,10474,approx,Rikers Island; the listed address does not pin down a spot on the island,40.790576,-73.881894
DOCWELLNES_1_L3,Hazen St,10474,approx,Rikers Island; the listed address does not pin down a spot on the island,40.790576,-73.881894
DOE_PS59-#1,2195 Bathgate Ave,10065,address,listed with a Manhattan ZIP code; the address is in the Bronx,40.853066,-73.893595
DOE_Q80101,5-1-5-41 44Th Dr,11101,address,geocoded by the city (Planning Labs GeoSearch),40.749757,-73.953067
DOE90-27SUTPHIN,90-24-90-26 Sutphin Blvd,11435,address,geocoded by the city (Planning Labs GeoSearch),40.702302,-73.808411
DOEPETRIDES-S1,21 Safety City Blvd,10301,facility,Michael J. Petrides School campus,40.6087211,-74.1051298
DOT_ROSEDALE-1,240- 2 128th Ave,11422,address,geocoded by the city (Planning Labs GeoSearch),40.681466,-73.726984
DOT_ROSEDALE-2,240- 2 128th Ave,11422,address,geocoded by the city (Planning Labs GeoSearch),40.681466,-73.726984
DEP_KINGSTON-4,81 Smith Avenue,12401,address,geocoded by the Census Bureau,41.930457690681,-73.998708024143
DOTMASPETHQNS-2,58-50 57th R,11378,address,,40.722386,-73.910043
DPR_5BORO#9A-B,13 Bronx Shore Rd,10035,facility,"Parks yard on Randalls Island, with the rest of its station group",40.79872,-73.921194
DPR_ARSENAL18,East Dr,10024,facility,"the Arsenal in Central Park, Parks Department headquarters; listed only as ""East Dr""",40.767711,-73.970516
DPR_BAY8TH#1,Independence Ave,11228,facility,"Bay 8th Street Parks yard, with the rest of its station group",40.605116,-74.017319
DPR_CANARSIE#1,E 88th St,11236,corner,"at the corner of E 88 St and Seaview Ave, from the city street centerline",40.629420994172,-73.8964780599725
DPR_CHELSEAPARK,437-401-437-407 W 27Th St,10001,facility,Chelsea Park,40.7499293,-74.0006793
DPR_ICAHN1,Rivers Edge Rd,10035,facility,"Icahn Stadium on Randalls Island, with the rest of its station group",40.792269,-73.923827
DPR_ICAHN2,Rivers Edge Rd,10035,facility,"Icahn Stadium on Randalls Island, with the rest of its station group",40.792269,-73.923827
DPR_ICAHN3,Rivers Edge Rd,10035,facility,"Icahn Stadium on Randalls Island, with the rest of its station group",40.792269,-73.923827
DPR_ICAHN4,Hell Gate Cir,10035,facility,"Icahn Stadium on Randalls Island, with the rest of its station group",40.792269,-73.923827
DPR_LRP#1#2,42-12 Queens Plaza S,11101,approx,on Queens Plaza South; the house number could not be matched,40.753144,-73.947199
DPR_ORCDBC_1_L3,2 Orchard Beach Road,10464,facility,Orchard Beach,40.86932,-73.80036
DPR_ORCDBC_2_L3,2 Orchard Beach Road,10464,facility,Orchard Beach,40.86932,-73.80036
DPR_ORCH-BCH-S2,Park Dr,10464,facility,Orchard Beach,40.86932,-73.80036
DPR_ORCHDBCHQ-1,2 Orchard Beach Road,10464,facility,Orchard Beach,40.86932,-73.80036
DPR_ORCHDBCHQ-2,2 Orchard Beach Road,10464,facility,Orchard Beach,40.86932,-73.80036
DPR_ORCHDBCHQ-3,2 Orchard Beach Road,10464,facility,Orchard Beach,40.86932,-73.80036
DPR_ORCHDBCHQ-4,2 Orchard Beach Road,10464,facility,Orchard Beach,40.86932,-73.80036
DPR_ORCHDBCHQ-5,2 Orchard Beach Road,10464,facility,Orchard Beach,40.86932,-73.80036
DPR_ORCHDBCHQ-6,2 Orchard Beach Road,10464,facility,Orchard Beach,40.86932,-73.80036
DPR_SROOSEVELT1,Hester St,10002,block,"mid-block, from the city street centerline",40.7168694752085,-73.994078443683
DPR_SROOSEVELT2,Hester St,10002,block,"mid-block, from the city street centerline",40.7168694752085,-73.994078443683
DPR-MILLPOND-5,875 Exterior Street,10451,facility,Mill Pond Park,40.8226862,-73.9317594
DPR-MILLPOND-3,875 Exterior Street,10451,facility,Mill Pond Park,40.8226862,-73.9317594
DPR_VCP-S1,189 Van Cortlandt Ave W,10471,approx,Van Cortlandt Park golf course; placed on Van Cortlandt Avenue West,40.89331,-73.88479
DPR_VCP-S3,6477 US-9,10471,address,US 9 is Broadway,40.904378,-73.89673
DPRARSENAL#1,East Dr,10019,facility,"the Arsenal in Central Park, Parks Department headquarters; listed only as ""East Dr""",40.767711,-73.970516
DPRARSENAL#10,East Dr,10019,facility,"the Arsenal in Central Park, Parks Department headquarters; listed only as ""East Dr""",40.767711,-73.970516
DPRARSENAL#11,East Dr,10019,facility,"the Arsenal in Central Park, Parks Department headquarters; listed only as ""East Dr""",40.767711,-73.970516
DPRARSENAL#13,East Dr,10019,facility,"the Arsenal in Central Park, Parks Department headquarters; listed only as ""East Dr""",40.767711,-73.970516
DPRARSENAL#14,East Dr,10019,facility,"the Arsenal in Central Park, Parks Department headquarters; listed only as ""East Dr""",40.767711,-73.970516
DPRARSENAL#15,East Dr,10019,facility,"the Arsenal in Central Park, Parks Department headquarters; listed only as ""East Dr""",40.767711,-73.970516
DPRARSENAL#16,East Dr,10019,facility,"the Arsenal in Central Park, Parks Department headquarters; listed only as ""East Dr""",40.767711,-73.970516
DPRARSENAL#17,East Dr,10019,facility,"the Arsenal in Central Park, Parks Department headquarters; listed only as ""East Dr""",40.767711,-73.970516
DPRARSENAL#2,East Dr,10019,facility,"the Arsenal in Central Park, Parks Department headquarters; listed only as ""East Dr""",40.767711,-73.970516
DPRARSENAL#3,East Dr,10019,facility,"the Arsenal in Central Park, Parks Department headquarters; listed only as ""East Dr""",40.767711,-73.970516
DPRARSENAL#4,East Dr,10019,facility,"the Arsenal in Central Park, Parks Department headquarters; listed only as ""East Dr""",40.767711,-73.970516
DPRARSENAL#5,East Dr,10019,facility,"the Arsenal in Central Park, Parks Department headquarters; listed only as ""East Dr""",40.767711,-73.970516
DPRARSENAL#6,East Dr,10019,facility,"the Arsenal in Central Park, Parks Department headquarters; listed only as ""East Dr""",40.767711,-73.970516
DPRARSENAL#7,East Dr,10019,facility,"the Arsenal in Central Park, Parks Department headquarters; listed only as ""East Dr""",40.767711,-73.970516
DPRARSENAL_1_L3,East Dr,10019,facility,"the Arsenal in Central Park, Parks Department headquarters; listed only as ""East Dr""",40.767711,-73.970516
DPRBXPEPNORTH-1,Westchester Av/Burr Av,10461,corner,"at the corner of Westchester Ave and Burr Ave, from the city street centerline",40.853298256762,-73.827205254344
DPRBXPEPNORTH-2,Westchester Av/Burr Av,10461,corner,"at the corner of Westchester Ave and Burr Ave, from the city street centerline",40.853298256762,-73.827205254344
DPRCITYWIDE#10,13 Bronx Shore Rd,10035,facility,"Parks yard on Randalls Island, with the rest of its station group",40.79872,-73.921194
DPRCITYWIDE#11,13 Bronx Shore Rd,10035,facility,"Parks yard on Randalls Island, with the rest of its station group",40.79872,-73.921194
DPRCITYWIDE#12,13 Bronx Shore Rd,10035,facility,"Parks yard on Randalls Island, with the rest of its station group",40.79872,-73.921194
DPRCITYWIDE#14,13 Bronx Shore Rd,10035,facility,"Parks yard on Randalls Island, with the rest of its station group",40.79872,-73.921194
DPRCITYWIDE#15,13 Bronx Shore Rd,10035,facility,"Parks yard on Randalls Island, with the rest of its station group",40.79872,-73.921194
DPRCITYWIDE#4,Main Roadway/Opp Park & Recreation,10035,facility,"Parks yard on Randalls Island, with the rest of its station group",40.79872,-73.921194
DPRCITYWIDE#5,Main Roadway/Opp Park & Recreation,10035,facility,"Parks yard on Randalls Island, with the rest of its station group",40.79872,-73.921194
DPRCITYWIDE#6,15 Bronx Shore Rd,10035,facility,"Parks yard on Randalls Island, with the rest of its station group",40.79872,-73.921194
DPRCITYWIDE#7,13 Bronx Shore Rd,10035,facility,"Parks yard on Randalls Island, with the rest of its station group",40.79872,-73.921194
DPRCITYWIDE#8,13 Bronx Shore Rd,10035,facility,"Parks yard on Randalls Island, with the rest of its station group",40.79872,-73.921194
DPRCUNINGHM6A-B,196-5 Grand Central Parkway N Svc Rd,11423,facility,"Cunningham Park, with the rest of its station group",40.725107,-73.771463
DPRFRKILLS1A-B,Unnamed Road,10314,approx,"Freshkills Park; listed only as ""Unnamed Road""",40.5777439,-74.1799733
DPRFRKILLS2A-B,Unnamed Road,10314,approx,"Freshkills Park; listed only as ""Unnamed Road""",40.5777439,-74.1799733
DPRFTTOTTEN1A-B,638 Bayside St,11359,approx,Fort Totten; the listed address could not be matched,40.7934184,-73.778797
DPRFTTOTTEN2A-B,638 Bayside St,11359,approx,Fort Totten; the listed address could not be matched,40.7934184,-73.778797
DPRFTTOTTEN3A-B,638 Bayside St,11359,approx,Fort Totten; the listed address could not be matched,40.7934184,-73.778797
DPRFTTOTTEN-S1,Murray Ave,11359,approx,"Fort Totten; listed only as ""Murray Ave""",40.7934184,-73.778797
DPRFTTOTTEN-S2,Murray Ave,11359,approx,"Fort Totten; listed only as ""Murray Ave""",40.7934184,-73.778797
DPRMBLOT8-S1,Father Capodanno Blvd,10305,facility,"Midland Beach Lot 8, with the rest of its station group",40.575993,-74.082618
DPRMBLOT8-S2,Father Capodanno Blvd,10305,facility,"Midland Beach Lot 8, with the rest of its station group",40.575993,-74.082618
DPRMBLOT8-S3,Father Capodanno Blvd,10305,facility,"Midland Beach Lot 8, with the rest of its station group",40.575993,-74.082618
DPRMILLPOND1&2,Major Deegan Expy,10451,facility,Mill Pond Park,40.8226862,-73.9317594
DPRNMEADOW#1A-B,97Th St Transverse,10029,facility,"North Meadow, Central Park, with the rest of the Parks chargers there",40.790363,-73.960055
DPRNMEADOW#2A-B,97Th St Transverse,10029,facility,"North Meadow, Central Park, with the rest of the Parks chargers there",40.790363,-73.960055
DPROAKRIDGE#1#2,Forest Park Dr,11421,facility,"Oak Ridge, Forest Park, with the rest of its station group",40.696323,-73.866356
DPROLMBRADDICK2,117 Roosevelt Avenue,11368,facility,"Olmsted Center, Flushing Meadows Corona Park",40.751876,-73.849331
DPRQBLIC#3&4,10Th Street And Queens Plaza South,11101,corner,"at the corner of 10 St and Queens Plz S, from the city street centerline",40.7536242005855,-73.9476079140145
DPRQNSMSEUM#1#2,Avenue Of The States,11368,facility,"Queens Museum, Flushing Meadows Corona Park",40.745869,-73.8467413
DPRRIVERSIDE-S1,Hudson River Greenway,10025,approx,"Riverside Park, with the rest of its station group",40.795089,-73.976207
DPRRIVERSIDE-S2,Ny-9A,10025,approx,"Riverside Park, with the rest of its station group",40.795089,-73.976207
DPR_VCP-S2,5901 Mosholu Ave,10471,approx,"Van Cortlandt Park; placed on Mosholu Avenue, house number not matched",40.901905,-73.904296
DPRROCKAWAY80S1,350 80 St,11693,address,"listed as ""80 St""; in Rockaway it is Beach 80th Street",40.59119,-73.806367
DPRROCKAWAY80S2,350 80 St,11693,address,"listed as ""80 St""; in Rockaway it is Beach 80th Street",40.59119,-73.806367
DPRWFMARINA#1#2,1 Flushing Bay Promenade,11369,facility,World's Fair Marina,40.760974,-73.857649
DPRWFMARINA-S3,109-5 Marina Rd,11368,facility,World's Fair Marina,40.760974,-73.857649
DPRWFMARNA_1_L3,109-5 Marina Rd,11368,facility,World's Fair Marina,40.760974,-73.857649
DPRWFMARNA_2_L3,109-5 Marina Rd,11368,facility,World's Fair Marina,40.760974,-73.857649
DPRWFMARNA_3_L3,109-5 Marina Rd,11368,facility,World's Fair Marina,40.760974,-73.857649
DPRWFMARNA_4_L3,109-5 Marina Rd,11368,facility,World's Fair Marina,40.760974,-73.857649
DPRWFMARNA_5_L3,109-5 Marina Rd,11368,facility,World's Fair Marina,40.760974,-73.857649
DSNY_BK18-1,105-01 Foster Ave,11236,corrected,"the city placed this Canarsie garage at Foster Avenue in Midwood, about 4.7 km west; moved to 10501 Foster Avenue",40.65327,-73.90023
DSNY_BK18-2,105-01 Foster Ave,11236,corrected,"the city placed this Canarsie garage at Foster Avenue in Midwood, about 4.7 km west; moved to 10501 Foster Avenue",40.65327,-73.90023
DSNY_BK18-DCFC1,105-01 Foster Ave,11236,corrected,"the city placed this Canarsie garage at Foster Avenue in Midwood, about 4.7 km west; moved to 10501 Foster Avenue",40.65327,-73.90023
DSNY_BK18-DCFC2,105-01 Foster Ave,11236,corrected,"the city placed this Canarsie garage at Foster Avenue in Midwood, about 4.7 km west; moved to 10501 Foster Avenue",40.65327,-73.90023
DSNY_MN03-1,South Street Pier 36,10002,facility,Pier 36,40.709435,-73.9857776
DSNY_MN03-2,South Street Pier 36,10002,facility,Pier 36,40.709435,-73.9857776
DSNY_MN03-3,South Street Pier 36,10002,facility,Pier 36,40.709435,-73.9857776
DSNY_MN05-1,52 58th St,11377,facility,Sanitation complex at 52-07 58th Street; the listed number was incomplete,40.735462,-73.909675
DSNY_Q05-1,47-01 48Th Street,11377,corner,"at the corner of 48 St and 47 Ave, from the city street centerline",40.740948473853,-73.917245530488
DSNY_Q05-2,47-01 48Th St,11377,corner,"at the corner of 48 St and 47 Ave, from the city street centerline",40.740948473853,-73.917245530488
DSNY_Q06-1,2720 53Rd Ave,11377,approx,Sanitation complex on 53rd Avenue; the listed number (2720) could not be matched,40.734136,-73.909403
DSNY_QBSROOF-2,52 58Th St,11377,facility,Sanitation complex at 52-07 58th Street; the listed number was incomplete,40.735462,-73.909675
DSNY_QENFDCFC-1,2720 53rd Ave,11377,approx,Sanitation complex on 53rd Avenue; the listed number (2720) could not be matched,40.734136,-73.909403
DSNY_QENFDCFC-2,2720 53rd Ave,11377,approx,Sanitation complex on 53rd Avenue; the listed number (2720) could not be matched,40.734136,-73.909403
DSNY_QENFDCFC-3,2720 53rd Ave,11377,approx,Sanitation complex on 53rd Avenue; the listed number (2720) could not be matched,40.734136,-73.909403
DSNY_QW3-DCFC1,2720 53rd Avenue,11377,approx,Sanitation complex on 53rd Avenue; the listed number (2720) could not be matched,40.734136,-73.909403
DSNY_QW3-DCFC2,2720 53rd Avenue,11377,approx,Sanitation complex on 53rd Avenue; the listed number (2720) could not be matched,40.734136,-73.909403
DSNY_QW6-DCFC1,2720 53rd Avenue,11377,approx,Sanitation complex on 53rd Avenue; the listed number (2720) could not be matched,40.734136,-73.909403
DSNY_QW6-DCFC2,53rd Avenue,11378,approx,Sanitation complex on 53rd Avenue; no house number listed,40.734136,-73.909403
FDNY_FORTTOTT#1,325 Pratt Ave,11359,address,geocoded by the city (Planning Labs GeoSearch),40.79187,-73.77677
FDNY_FTTOTTEN#3,135 Shore Road,11359,approx,Fort Totten; the listed address could not be matched,40.7934184,-73.778797
NYCHA_LIC1A-B,37 49Th Ave,11101,approx,on 49th Avenue; the listed numbers (36 and 37) could not be matched,40.737204,-73.928752
NYCHA_LIC2A-B,36 49Th Ave,11101,approx,on 49th Avenue; the listed numbers (36 and 37) could not be matched,40.737204,-73.928752
NYPD_121PCT#3,970 Sanders St,10314,facility,"121st Precinct, with the rest of its station group",40.623595,-74.149133
NYPD_75PCT-1,1000 Sutter Ave,11208,address,geocoded by the city (Planning Labs GeoSearch),40.671136,-73.881449
NYPD_94PCT-1,9096 Meserole Ave,11222,approx,"94th Precinct, Meserole Avenue; the listed number could not be matched",40.7268,-73.953075
NYPD_CPRKP_1_L3,W 86 St/Traverse Rd,10024,facility,"Central Park Precinct, 86th Street Transverse",40.7831565,-73.9642038
NYPD_TD12-1,480 Morris Park Ave,10460,facility,with the rest of its station group at 460 Morris Park Avenue,40.841527,-73.87232
NYPD_TD12-2,480 Morris Park Ave,10460,facility,with the rest of its station group at 460 Morris Park Avenue,40.841527,-73.87232
NYPD111PCT-1,1964 Northern Blvd,11361,approx,111th Precinct station house; the listed address could not be matched,40.760216,-73.767749
NYPDHQ_1PP_3_L3,Rose St,10038,facility,"Police headquarters, with the rest of its station group",40.712348,-74.000891
NYPDHQ_1PP_5_L3,Rose St,10038,facility,"Police headquarters, with the rest of its station group",40.712348,-74.000891
DOT Flo 13th St,"13th Street: 5th Avenue, 4th Avenue",11215,block,"mid-block, from the city street centerline",40.66734791916,-73.989486319945
DOT Flo 225th St,"225th Street: Merrick Boulevard, 135th Avenue",14413,block,"mid-block, from the city street centerline",40.676821897032994,-73.745287700991
DOT Flo 30th Place,30th Pl between Thomson Ave and 47th Ave,11101,block,"mid-block, from the city street centerline",40.744139933621,-73.936537505461
DOT Flo 33rd St,"33rd Street: 31st Avenue, Broadway",11106,block,"mid-block, from the city street centerline",40.762408488137,-73.9228356006665
DOT Flo 35th St,"35th Street: 30th Avenue, 28th Avenue",11103,block,"mid-block, from the city street centerline",40.766196210381,-73.9175442369575
DOT Flo 38th St,"38th Street: 36th Avenue, 35th Avenue",11101,block,"mid-block, from the city street centerline",40.7547419036765,-73.9235321557925
DOT Flo 3rd Ave,"3rd Avenue: 33rd Street, 34th Street",11232,block,"mid-block, from the city street centerline",40.657030200624,-74.005125349742
DOT Flo 41st Ave,"41st Avenue: 81st Street, Baxter Avenue",11373,block,"mid-block, from the city street centerline",40.745851760876,-73.88420228021499
DOT Flo 43rd St,"43rd Street: 5th Avenue, 4th Avenue",11232,block,"mid-block, from the city street centerline",40.649693489539004,-74.0073367093285
DOT Flo 72nd St,"72nd Street: 37th Avenue, 35th Avenue",11372,block,"mid-block, from the city street centerline",40.7497992949375,-73.89379288534849
DOT Flo 8th St,"8th Street: 6th Avenue, 7th Avenue",11215,block,"mid-block, from the city street centerline",40.6680783218195,-73.98225369797001
DOT Flo Bedford Park Blvd,"Bedford Park Boulevard: Goulden Avenue, Paul Avenue",10468,block,"mid-block, from the city street centerline",40.875040755293,-73.8928547837005
DOT Flo Broadway,"Broadway: West 242nd Street, West 240th Street",10471,block,"mid-block, from the city street centerline",40.888004066754,-73.899095341666
DOT Flo Brooklyn Ave,"Brooklyn Avenue: St. Marks Avenue, Prospect Place",11213,block,"mid-block, from the city street centerline",40.674464200942495,-73.944504245009
DOT Flo Clarkson Ave,"Clarkson Avenue: 40th Street, Albany Avenue",11203,block,"mid-block, from the city street centerline",40.6560403767975,-73.94004697655049
DOT Flo Court St,"Court Street: 1st Place, Carroll Street",11231,block,"mid-block, from the city street centerline",40.6806959830145,-73.996708504514
DOT Flo Dekalb Ave,"Dekalb Avenue: East Gun Hill Road, East 212th Street",10467,block,"mid-block, from the city street centerline",40.883126521447,-73.879774580467
DOT Flo E 67th St,"East 67th Street: York Avenue, 1st Avenue",10065,block,"mid-block, from the city street centerline",40.764149764315,-73.9572031660945
DOT Flo E 78th St,"East 78th Street: Park Avenue, Lexington Avenue",10075,block,"mid-block, from the city street centerline",40.774601750133996,-73.96015045706599
DOT Flo East End Ave,"East End Ave: East 88th Street, East 87th Street",10128,block,"mid-block, from the city street centerline",40.775930533234,-73.944049405556
DOT Flo Elton St,"Elton Street: Flatlands Avenue, Locke Street",11207,block,"mid-block, from the city street centerline",40.657270058172,-73.87456273637
DOT Flo Fort Washington Ave,"Fort Washington Avenue: West 164th Street, West 165th Street",10032,block,"mid-block, from the city street centerline",40.839692006864,-73.9432661777765
DOT Flo Lenox Rd,"Lenox Road: New York Avenue, East 34th Street",11226,block,"mid-block, from the city street centerline",40.6543827182235,-73.946551019577
DOT Flo Leonard St,Leonard St between Lafayette and Centre Streets,10013,block,"mid-block, from the city street centerline",40.715970688531996,-74.002121860845
DOT Flo Linden Blvd,"Linden Boulevard: East 96th Street, Rockaway Parkway",11212,block,"mid-block, from the city street centerline",40.6541592876195,-73.9130577377885
DOT Flo Marcus Garvey Blvd,"Marcus Garvey Boulevard: Broadway, Park Avenue",11206,block,"mid-block, from the city street centerline",40.699419368642495,-73.94115104177
DOT Flo Mason Ave,"Mason Avenue: Seaview, Delaware Avenue",10305,block,"mid-block, from the city street centerline",40.5860215237895,-74.087390630454
DOT Flo Meeker Ave,"Meeker Avenue: Metropolitan Avenue, Rodney Street",11211,block,"mid-block, from the city street centerline",40.71406922837,-73.952911781674
DOT Flo N 4th St,"North 4th Street: Bedford Avenue, Berry Street",11249,block,"mid-block, from the city street centerline",40.716580967615,-73.96015244464101
DOT Flo Norman Ave,"Norman Avenue: Dobbin Street, Guernsey Street",11222,block,"mid-block, from the city street centerline",40.724745017895,-73.9538572351965
DOT Flo Prospect Park W,"Prospect Park West: 5th Street, 6th Street",11215,block,"mid-block, from the city street centerline",40.666728827919,-73.9750864993095
DOT Flo Putnam Pl,"Putnam Place: East Gun Hill Rd., Reservoir Oval West",10467,block,"mid-block, from the city street centerline",40.879301191974,-73.8756892310885
DOT Flo Queens Blvd,"Queens Boulevard: 34th Street, 33rd Street",11101,block,"mid-block, from the city street centerline",40.744785019676,-73.931187094919
DOT Flo Reade St,Reade St between Elk and Lafayette Streets,10007,block,"mid-block, from the city street centerline",40.7138267886975,-74.00400265124051
DOT Flo Red Cross Place,Red Cross Pl between Cadman Pl E and Bk Bridge Blvd/Adams St,11201,block,"mid-block, from the city street centerline",40.699417606066504,-73.989305015884
DOT Flo Stuyvesant Ave,"Stuyvesant Avenue: Fulton Street, Chauncey Street",11233,block,"mid-block, from the city street centerline",40.679797529681,-73.93142516361951
DOT Flo W 76th St,"West 76th Street: Amsterdam Avenue, Columbus Avenue",10023,block,"mid-block, from the city street centerline",40.7806046039545,-73.978326805369
DOT Flo W 84th St,"West 84th Street: Amsterdam Avenue, Columbus Avenue",10024,block,"mid-block, from the city street centerline",40.785777819238,-73.974556216441
DOT Flo W 93rd St,"West 93rd Street: Central Park West, Columbus Ave",10025,block,"mid-block, from the city street centerline",40.7903436055995,-73.9675063331975
DOT ROADIE 1,,,none,mobile charger; no fixed location,,
DPR ROADIE 1,,,none,mobile charger; no fixed location,,
DRPSIPEP_FORDPRO-1,300 Altamont st,10306,approx,on Altamont Street; the house number could not be matched,40.578382,-74.118579
DRPSIPEP_FORDPRO-2,300 Altamont st,10306,approx,on Altamont Street; the house number could not be matched,40.578382,-74.118579
DSNY ROADIE 1,,,none,mobile charger; no fixed location,,
DSNY ROADIE 2,,,none,mobile charger; no fixed location,,
NYPD ROADIE 1,,,none,mobile charger; no fixed location,,
NYPD ROADIE 2,,,none,mobile charger; no fixed location,,
BAT Lightpole Charger 1,58th St Brooklyn Army Terminal,11220,facility,Brooklyn Army Terminal,40.6450576,-74.0254948
BAT Lightpole Charger 2,58th St Brooklyn Army Terminal,11220,facility,Brooklyn Army Terminal,40.6450576,-74.0254948
BAT Lightpole Charger 3,58th St Brooklyn Army Terminal,11220,facility,Brooklyn Army Terminal,40.6450576,-74.0254948
BAT Lightpole Charger 4,58th St Brooklyn Army Terminal,11220,facility,Brooklyn Army Terminal,40.6450576,-74.0254948
BAT Lightpole Charger 5,58th St Brooklyn Army Terminal,11220,facility,Brooklyn Army Terminal,40.6450576,-74.0254948
BAT Lightpole Charger 6,58th St Brooklyn Army Terminal,11220,facility,Brooklyn Army Terminal,40.6450576,-74.0254948
DCAS ROADIE 1,,,none,mobile charger; no fixed location,,
DCAS ROADIE 2,,,none,mobile charger; no fixed location,,
DEP ROADIE 1,,,none,mobile charger; no fixed location,,
DOC ROADIE 1,,,none,mobile charger; no fixed location,,
DOC_MOBI_1,,,none,mobile charger; no fixed location,,
DOT_PTIVRY_1_L3,3551 Richmond Terrace,10303,address,geocoded by the city (Planning Labs GeoSearch),40.640717,-74.17299
NYPD107PCT_1_L3,71-01 Parsons Boulevard,11365,address,geocoded by the city (Planning Labs GeoSearch),40.730025,-73.810623
DEP_KNGSTN_2_L3,81 Smith Avenue,12401,address,geocoded by the Census Bureau,41.930457690681,-73.998708024143
DSNY_HENRY-3,80 Henry Street,10002,corrected,the city placed this one charger at 80 Henry Street in Brooklyn Heights; its three siblings and the ZIP code are in Manhattan,40.71307,-73.993821
DOC_DIVISION-1,30 N Perimeter Rd,11320,approx,Rikers Island; the listed address does not pin down a spot on the island,40.790576,-73.881894
DEP_GRANNEX-1,16 Little Hollow Road,12740,address,geocoded by the Census Bureau,41.842538393937,-74.544709760916
DEP_GRANNEX-2,16 Little Hollow Road,12740,address,geocoded by the Census Bureau,41.842538393937,-74.544709760916
DEP_KINGSTON-9,81 Smith Avenue,12401,address,geocoded by the Census Bureau,41.930457690681,-73.998708024143
DEP_KINGSTON-6,81 Smith Avenue,12401,address,geocoded by the Census Bureau,41.930457690681,-73.998708024143
DEP_KINGSTON-7,81 Smith Avenue,12401,address,geocoded by the Census Bureau,41.930457690681,-73.998708024143
DPRARSENAL-8,East Dr,10019,facility,"the Arsenal in Central Park, Parks Department headquarters; listed only as ""East Dr""",40.767711,-73.970516
DEP_KINGSTON-8,81 Smith Avenue,12401,address,geocoded by the Census Bureau,41.930457690681,-73.998708024143
DPRARSENAL-12,East Dr,10019,facility,"the Arsenal in Central Park, Parks Department headquarters; listed only as ""East Dr""",40.767711,-73.970516
DEP_KINGSTON-5,81 Smith Avenue,12401,address,geocoded by the Census Bureau,41.930457690681,-73.998708024143
DEP_ARKVLE_1_L3,669 County Road 38,12406,address,geocoded by the Census Bureau,42.159014080056,-74.619755863898
FDNY-CFRD#1,302 Sgt. Charles M. Beer,11359,approx,Fort Totten; the listed address could not be matched,40.7934184,-73.778797
FDNY-CFRD#2,302 Sgt. Charles M. Beer,11359,approx,Fort Totten; the listed address could not be matched,40.7934184,-73.778797
DPR-MILLPOND-2,875 Exterior Street,10451,facility,Mill Pond Park,40.8226862,-73.9317594
DPRARSENAL#9,East Dr,10019,facility,"the Arsenal in Central Park, Parks Department headquarters; listed only as ""East Dr""",40.767711,-73.970516
DOT_MASPTH_1_L3,57-39 58th Pl,11378,address,geocoded by the city (Planning Labs GeoSearch),40.72168,-73.90977
DPR_ARSENAL19,East Dr,10019,facility,"the Arsenal in Central Park, Parks Department headquarters; listed only as ""East Dr""",40.767711,-73.970516
DEP_DNSVLE_1_L3,20 NYC Highway 30A,12776,approx,"Downsville, at the Pepacton Reservoir dam; the listed address could not be matched",42.0742723,-74.9678903
DEP_SHAFT18-5,20 Westlake Dr,10595,address,geocoded by the Census Bureau,41.093240180853,-73.768317588963
DEP_SHAFT18-6,20 Westlake Dr,10595,address,geocoded by the Census Bureau,41.093240180853,-73.768317588963
DPR_FPBND_1_L3,1-01 Forest Park Dr,11421,facility,"Seuffert Bandshell parking lot, Forest Park",40.6984148,-73.8584046
DPR_FPBND_2_L3,1-01 Forest Park Dr,11421,facility,"Seuffert Bandshell parking lot, Forest Park",40.6984148,-73.8584046
DPR_FPBND_3_L3,1-01 Forest Park Dr,11421,facility,"Seuffert Bandshell parking lot, Forest Park",40.6984148,-73.8584046
DPR_FPBND_4_L3,1-01 Forest Park Dr,11421,facility,"Seuffert Bandshell parking lot, Forest Park",40.6984148,-73.8584046
DPR_FPBND_5_L3,1-01 Forest Park Dr,11421,facility,"Seuffert Bandshell parking lot, Forest Park",40.6984148,-73.8584046
DPR_FPBND_6_L3,1-01 Forest Park Dr,11421,facility,"Seuffert Bandshell parking lot, Forest Park",40.6984148,-73.8584046
DPR_FPBND_7_L3,1-01 Forest Park Dr,11421,facility,"Seuffert Bandshell parking lot, Forest Park",40.6984148,-73.8584046
DPR_FPBND_8_L3,1-01 Forest Park Dr,11421,facility,"Seuffert Bandshell parking lot, Forest Park",40.6984148,-73.8584046
DPR_FPBND_9_L3,1-01 Forest Park Dr,11421,facility,"Seuffert Bandshell parking lot, Forest Park",40.6984148,-73.8584046
DPR_FPBND_10_L3,1-01 Forest Park Dr,11421,facility,"Seuffert Bandshell parking lot, Forest Park",40.6984148,-73.8584046
