date,weekday,day_type,day_type_reason,holiday,snapshots,hours_collected,routes_running_midday,moving_mph,with_stops_mph,stopped_share,buses_in_service,buses_in_service_regular_routes,trips_scheduled,method_version
2026-04-22,Wed,weekday,,,10,0,0,,,,,,,2
2026-04-23,Thu,weekday,,,13,0,0,,,,,,,2
2026-04-24,Fri,weekday,,,15,0,0,,,,,,,2
2026-04-25,Sat,weekend,,,123,7,272,8.42,7.45,0.1047,1727.3,1715.8,,2
2026-04-26,Sun,weekend,,,250,15,266,9.07,7.96,0.1098,1329.3,1318.8,,2
2026-04-27,Mon,weekday,,,124,6,283,8.06,7.17,0.0985,2671.4,2671.4,,2
2026-04-28,Tue,weekday,,,75,6,282,8.76,7.76,0.1014,2206.8,2206.5,,2
2026-04-29,Wed,weekday,,,72,6,282,8.7,7.73,0.1005,1912.1,1911.7,,2
2026-04-30,Thu,weekday,,,125,8,283,8.31,7.42,0.0979,2366.5,2366.4,,2
2026-05-01,Fri,weekday,,,107,7,288,8.23,7.23,0.1099,1984.5,1984.5,,2
2026-05-02,Sat,weekend,,,232,14,272,8.6,7.6,0.1025,1664.2,1649.4,,2
2026-05-03,Sun,weekend,,,251,14,266,8.98,7.83,0.1151,1301.5,1288.9,,2
2026-05-04,Mon,weekday,,,71,5,282,8.83,7.83,0.1002,1832,1832,,2
2026-05-05,Tue,weekday,,,54,4,282,8.64,7.7,0.0973,1775.9,1775.9,,2
2026-05-06,Wed,weekday,,,69,4,285,8.75,7.85,0.0862,1971.5,1971.5,,2
2026-05-07,Thu,weekday,,,89,6,318,8.57,7.64,0.0968,1977.8,1977.8,,2
2026-05-08,Fri,weekday,,,159,10,306,7.97,7.03,0.1033,2372.3,2372.3,,2
2026-05-09,Sat,weekend,,,248,14,272,8.61,7.53,0.1095,1667.5,1653.4,,2
2026-05-10,Sun,weekend,,,252,13,266,8.86,7.74,0.1114,1410.4,1396.1,,2
2026-05-11,Mon,weekday,,,142,11,322,8.32,7.42,0.0983,2290,2290,,2
2026-05-12,Tue,weekday,,,144,9,328,8.08,7.2,0.0986,2547.1,2547.1,,2
2026-05-13,Wed,weekday,,,126,8,327,7.74,6.86,0.1067,2708,2708,,2
2026-05-14,Thu,weekday,,,144,10,326,7.89,7.02,0.0996,2727.3,2724.7,,2
2026-05-15,Fri,weekday,,,162,11,314,8.08,7.13,0.1066,2498.8,2498.6,,2
2026-05-16,Sat,weekend,,,233,14,272,8.45,7.29,0.1249,1631.8,1618.4,,2
2026-05-17,Sun,weekend,,,197,13,266,8.78,7.61,0.1213,1439.6,1428.9,,2
2026-05-18,Mon,weekday,,,108,6,293,7.95,6.95,0.1123,2612.6,2612.6,,2
2026-05-19,Tue,weekday,,,108,6,305,7.81,6.86,0.1106,2676.8,2676.8,,2
2026-05-20,Wed,weekday,,,89,6,309,7.8,6.83,0.1133,2824.9,2824.9,,2
2026-05-21,Thu,weekday,,,106,7,304,7.81,6.89,0.1072,2772.9,2772.9,,2
2026-05-22,Fri,weekday,,,143,11,316,8.24,7.22,0.113,2350.1,2350.1,,2
2026-05-23,Sat,weekend,,,180,11,272,8.81,7.74,0.1074,1718.6,1702.9,,2
2026-05-24,Sun,weekend,,,216,11,266,9.22,8.03,0.1168,1451.3,1437.1,,2
2026-05-25,Mon,holiday,Memorial Day,Memorial Day,234,13,266,9,7.95,0.1015,1417.5,1413.2,,2
2026-05-26,Tue,weekday,,,198,11,324,8.34,7.28,0.1152,2357,2357,,2
2026-05-27,Wed,weekday,,,216,11,318,8.47,7.41,0.1131,2273.4,2272.5,,2
2026-05-28,Thu,weekday,,,252,14,321,8.17,7.15,0.1115,2519.5,2519.5,,2
2026-05-29,Fri,weekday,,,252,14,325,8.1,7.1,0.1094,2447.8,2447.6,,2
2026-05-30,Sat,weekend,,,432,17,272,8.78,7.69,0.1107,1625,1608.9,,2
2026-05-31,Sun,weekend,,,414,17,266,9.04,7.88,0.1146,1294,1280.7,,2
2026-06-01,Mon,weekday,,,36,2,0,9.87,8.78,0.0987,1115.4,1115.4,,2
2026-06-02,Tue,weekday,,,36,2,0,9.75,8.64,0.1014,1120.4,1120.4,,2
2026-06-03,Wed,weekday,,,36,2,0,9.62,8.59,0.0972,1137.9,1137.9,,2
2026-06-04,Thu,weekday,,,34,2,0,8.84,7.8,0.1002,1609.6,1609.6,,2
2026-06-05,Fri,weekday,,,52,3,0,9.05,7.98,0.1056,1483.3,1483.3,,2
2026-06-06,Sat,weekend,,,224,14,272,8.63,7.55,0.1111,1528.9,1510.9,,2
2026-06-07,Sun,weekend,,,214,12,266,9.08,7.96,0.1042,1273.5,1261.5,,2
2026-06-08,Mon,weekday,,,16,1,0,9.99,8.89,0.0941,960.3,960.3,,2
2026-06-09,Tue,weekday,,,18,1,0,9.94,8.7,0.1124,955.3,955.3,,2
2026-06-10,Wed,weekday,,,36,2,0,9.69,8.53,0.1115,1116.3,1116.3,,2
2026-06-11,Thu,weekday,,,36,2,0,9.54,8.35,0.1095,1161.3,1161.3,,2
2026-06-12,Fri,weekday,,,35,2,0,9.35,8.23,0.1081,1194.4,1194.4,,2
2026-06-14,Sun,weekend,,,90,5,262,9.79,8.55,0.1138,1013.8,1013.8,,2
2026-06-16,Tue,weekday,,,18,1,0,9.93,8.66,0.1097,996.3,984.1,,2
2026-06-17,Wed,weekday,,,18,1,0,9.75,8.55,0.1128,982.6,972.5,,2
2026-06-18,Thu,weekday,,,36,2,0,9.44,8.3,0.1082,1143.2,1138.6,,2
2026-06-19,Fri,holiday,Juneteenth,Juneteenth,36,2,0,9.24,8.11,0.1121,1209.8,1204.8,,2
2026-06-20,Sat,weekend,,,51,4,0,9.35,8.25,0.1026,1206.9,1182.5,,2
2026-06-21,Sun,weekend,,,52,3,0,9.8,8.62,0.1061,950.6,932,,2
2026-06-22,Mon,weekday,,,18,1,0,9.95,8.73,0.1045,949.3,949.3,,2
2026-06-23,Tue,weekday,,,18,1,0,9.78,8.66,0.101,960.3,960.3,,2
2026-06-24,Wed,weekday,,,16,1,0,9.65,8.56,0.0997,994.4,994.4,,2
2026-06-25,Thu,weekday,,,18,1,0,9.7,8.58,0.1006,990.1,990.1,,2
2026-06-26,Fri,weekday,,,17,1,0,9.44,8.4,0.0939,1013.5,1013.5,,2
2026-06-27,Sat,weekend,,,36,2,0,9.9,8.68,0.109,1202.2,1191.2,,2
2026-06-28,Sun,weekend,,,54,3,0,10.05,8.87,0.105,887.3,872.9,,2
2026-06-30,Tue,weekday,,,193,16,316,8.37,7.41,0.1009,2306.5,2306.5,,2
2026-07-01,Wed,weekday,,,171,15,316,8.26,7.33,0.096,2341.5,2333.1,,2
2026-07-02,Thu,weekday,,,226,16,330,8.41,7.47,0.0988,2312,2312,,2
2026-07-03,Fri,holiday,Independence Day (observed),Independence Day (observed),239,16,272,8.52,7.63,0.0927,1636.8,1636.5,,2
2026-07-04,Sat,weekend,,,312,16,272,9.21,8.03,0.1142,1577.4,1569.2,,2
2026-07-05,Sun,weekend,,,288,16,266,9.24,8.09,0.1119,1364.2,1361.4,,2
2026-07-06,Mon,weekday,,,184,16,313,8.56,7.58,0.0995,2248.8,2248.8,,2
2026-07-07,Tue,weekday,,,212,16,314,8.45,7.43,0.1093,2326.9,2326.9,,2
2026-07-08,Wed,weekday,,,213,15,316,8.4,7.4,0.1025,2379.2,2379.2,,2
2026-07-09,Thu,weekday,,,171,14,303,8.43,7.42,0.1054,2335.8,2332,,2
2026-07-10,Fri,weekday,,,91,7,0,8.49,7.49,0.1054,2200.5,2200.1,,2
2026-07-11,Sat,weekend,,,335,17,272,8.84,7.68,0.1183,1630.5,1601.6,,2
2026-07-12,Sun,weekend,,,312,17,266,9.13,7.96,0.1146,1349.2,1326.1,,2
2026-07-13,Mon,weekday,,,85,5,0,8.86,7.74,0.1015,2222.4,2222.4,,2
2026-07-14,Tue,weekday,,,248,16,319,8.35,7.36,0.1042,2399.1,2399.1,,2
2026-07-15,Wed,weekday,,,260,16,316,8.39,7.42,0.1035,2390.9,2390.9,,2
2026-07-16,Thu,weekday,,,223,15,315,8.3,7.31,0.1075,2415.4,2415.4,,2
2026-07-17,Fri,weekday,,,290,16,325,8.24,7.31,0.1017,2396.3,2396.3,,2
2026-07-18,Sat,weekend,,,313,16,272,8.85,7.9,0.0902,1624.1,1605.6,,2
2026-07-19,Sun,weekend,,,312,15,266,9.12,8.02,0.1067,1371.9,1354,,2
2026-07-20,Mon,weekday,,,226,15,322,8.39,7.42,0.1041,2370,2370,,2
2026-07-21,Tue,weekday,,,229,16,322,8.49,7.54,0.0975,2394.7,2394.7,,2
2026-07-22,Wed,weekday,,,244,16,311,8.29,7.3,0.1064,2301,2300.2,,2
2026-07-23,Thu,weekday,,,245,16,303,8.34,7.35,0.1054,2421.2,2421.2,,2
2026-07-24,Fri,weekday,,,205,16,321,8.18,7.28,0.093,2435.4,2435.4,,2
2026-07-25,Sat,weekend,,,286,16,272,8.64,7.61,0.0996,1671.7,1663,,2
2026-07-26,Sun,weekend,,,295,16,266,8.95,7.93,0.0991,1356.8,1349.2,,2
2026-07-27,Mon,weekday,,,207,15,327,8.36,7.45,0.0952,2359.1,2359.1,,2
2026-07-28,Tue,weekday,,,231,14,323,8.43,7.47,0.0991,2420.4,2420.4,,2
2026-07-29,Wed,weekday,,,263,15,318,8.33,7.37,0.1036,2392.8,2392.8,,2
2026-07-30,Thu,weekday,,,230,16,320,8.28,7.32,0.1018,2453,2453,,2
2026-07-31,Fri,weekday,,,210,14,320,8.04,7.15,0.0932,2450.6,2450.6,,2
2026-08-01,Sat,weekend,,,314,16,272,8.62,7.56,0.1094,1618,1618,,2
2026-08-02,Sun,weekend,,,323,16,266,9.13,8.06,0.103,1371.3,1371.3,,2
2026-08-03,Mon,weekday,,,188,12,315,8.47,7.51,0.1003,2219.2,2211.6,,2
2026-08-04,Tue,weekday,,,216,14,325,8.25,7.28,0.108,2423.1,2397.8,,2
2026-08-05,Wed,weekday,,,216,14,322,8.22,7.32,0.0955,2414.6,2349.4,,2
2026-08-06,Thu,weekday,,,105,8,286,8.71,7.72,0.1006,2161,2161,,2
2026-08-07,Fri,weekday,,,358,17,328,8.5,7.5,0.1047,2268.9,2268.6,,2
2026-08-08,Sat,weekend,,,382,17,272,8.76,7.63,0.1154,1553.8,1533.4,,2
2026-08-09,Sun,weekend,,,363,17,266,9.1,7.98,0.1081,1304.5,1285.7,,2
2026-08-10,Mon,weekday,,,350,17,327,8.61,7.61,0.1023,2257.9,2257.7,,2
2026-08-11,Tue,weekday,,,348,16,314,8.51,7.53,0.1013,2365.1,2365,,2
2026-08-12,Wed,weekday,,,343,16,316,8.41,7.44,0.1006,2391.4,2391.4,,2
2026-08-13,Thu,weekday,,,332,16,324,8.34,7.46,0.0914,2388.8,2384.1,,2
2026-08-14,Fri,weekday,,,373,17,321,8.51,7.55,0.1011,2284.4,2284.4,,2
2026-08-15,Sat,weekend,,,374,17,272,8.77,7.69,0.1093,1594.6,1578.6,,2
2026-08-16,Sun,weekend,,,364,17,266,9.18,8.1,0.1029,1323.1,1303.6,,2
2026-08-17,Mon,weekday,,,339,16,329,8.7,7.75,0.0913,2287.5,2286.7,,2
2026-08-18,Tue,weekday,,,378,17,326,8.58,7.61,0.0992,2313.4,2312.5,,2
2026-08-19,Wed,weekday,,,395,17,328,8.57,7.56,0.1052,2306.6,2305.5,,2
2026-08-20,Thu,weekday,,,383,17,330,8.48,7.51,0.1023,2330.1,2329.3,,2
2026-08-21,Fri,weekday,,,363,17,329,8.39,7.5,0.0914,2298.6,2297.9,,2
2026-08-22,Sat,weekend,,,354,17,272,8.82,7.83,0.0966,1602.8,1577.3,,2
2026-08-23,Sun,weekend,,,368,17,266,9.13,8.07,0.1011,1325.3,1305.1,,2
2026-08-24,Mon,weekday,,,390,17,329,8.66,7.73,0.0956,2261.3,2261,,2
2026-08-25,Tue,weekday,,,376,17,330,8.56,7.61,0.0983,2295,2294.4,,2
2026-08-26,Wed,weekday,,,238,15,331,8.54,7.56,0.1012,2334.4,2333,,2
2026-08-27,Thu,weekday,,,46,4,283,8.32,7.47,0.0901,2299.6,2299.6,,2
2026-08-28,Fri,weekday,,,140,8,301,8.66,7.65,0.0948,2052,2052,,2
2026-08-29,Sat,weekend,,,396,16,272,8.79,7.66,0.1076,1619.7,1607.1,,2
2026-08-30,Sun,weekend,,,365,16,266,9.13,8.02,0.0968,1346.9,1337.9,,2
2026-08-31,Mon,weekday,,,343,16,320,8.56,7.58,0.0888,2299.8,2299.8,,2
2026-09-01,Tue,weekday,,,361,17,322,8.54,7.54,0.1006,2282.9,2282.9,,2
2026-09-02,Wed,weekday,,,356,17,325,8.54,7.51,0.1015,2313.3,2313.3,,2
2026-09-03,Thu,weekday,,,383,16,324,8.38,7.38,0.0997,2370.3,2370.3,,2
2026-09-04,Fri,weekday,,,392,17,323,8.44,7.41,0.1033,2297.8,2297.8,,2
2026-09-05,Sat,weekend,,,395,16,272,8.86,7.76,0.1055,1610.7,1598.2,,2
2026-09-06,Sun,weekend,,,396,16,266,9.09,7.97,0.106,1337.8,1328.3,1364.9,2
2026-09-07,Mon,holiday,Labor Day,Labor Day,394,17,268,8.99,7.94,0.1001,1284.8,1280.9,1357.8,2
2026-09-08,Tue,weekday,,,388,17,320,8.35,7.37,0.1007,2345.5,2344.8,2459.7,2
2026-09-09,Wed,weekday,,,363,17,325,8.2,7.26,0.0964,2374.1,2373.4,2459.7,2
2026-09-10,Thu,weekday,,,374,17,326,8.04,7.08,0.1022,2434.4,2430.4,2489.3,2
2026-09-11,Fri,weekday,,,386,17,321,8,7.06,0.103,2361.5,2360.2,2489.3,2
2026-09-12,Sat,weekend,,,395,16,272,8.65,7.62,0.1047,1680.4,1640.7,1677.6,2
2026-09-13,Sun,weekend,,,382,16,266,9.13,8.09,0.0962,1345.9,1314.3,1364.9,2
2026-09-14,Mon,weekday,,,374,17,322,8.21,7.29,0.0984,2403.6,2403,2489.3,2
2026-09-15,Tue,weekday,,,377,17,325,8.12,7.21,0.0979,2437.4,2436.5,2489.3,2
2026-09-16,Wed,weekday,,,377,17,324,8.19,7.28,0.0977,2421.7,2420.8,2489.3,2
2026-09-17,Thu,weekday,,,395,17,325,8.14,7.22,0.1006,2444.6,2443.3,2489.3,2
2026-09-18,Fri,weekday,,,395,17,321,8.07,7.12,0.1026,2420.1,2419.4,2489.3,2
2026-09-19,Sat,weekend,,,385,16,272,8.54,7.55,0.1029,1631,1615.4,1677.6,2
2026-09-20,Sun,weekend,,,395,16,266,9.15,8.11,0.099,1309.9,1298.4,1364.9,2
2026-09-21,Mon,weekday,,,382,17,327,8.65,7.7,0.0943,2271.6,2271.1,2459.7,2
2026-09-22,Tue,weekday,,,357,17,334,8.09,7.22,0.0938,2416.9,2416.6,2489.3,2
2026-09-23,Wed,weekday,,,379,17,327,8.17,7.26,0.0958,2446.4,2445.2,2489.3,2
2026-09-24,Thu,weekday,,,365,17,325,8.13,7.25,0.0921,2446.5,2446,2489.3,2
2026-09-25,Fri,weekday,,,371,17,325,8.1,7.21,0.0943,2439.4,2438.2,2489.3,2
2026-09-26,Sat,weekend,,,396,16,272,9.26,8.22,0.0991,1586.3,1566.6,1677.6,2
2026-09-27,Sun,weekend,,,379,16,266,9.44,8.39,0.098,1310.9,1296,1364.9,2
2026-09-28,Mon,weekday,,,384,16,324,8.23,7.4,0.0898,2462.3,2462,2532.4,2
2026-09-29,Tue,weekday,,,382,16,324,8.24,7.33,0.0988,2489.4,2489.1,2532.4,2
2026-09-30,Wed,weekday,,,356,16,325,8.17,7.23,0.1022,2513.7,2513.4,2532.4,2
2026-10-01,Thu,weekday,,,58,5,282,8.43,7.58,0.0894,2361.3,2361.3,2474.6,2
2026-10-02,Fri,weekday,,,34,3,281,7.84,6.9,0.1077,2408.2,2408.2,2449.1,2
2026-10-03,Sat,weekend,,,45,4,272,8.18,7.22,0.1032,1811.2,1793.6,1803.2,2
2026-10-04,Sun,weekend,,,43,4,266,8.8,7.8,0.0949,1441.8,1424.4,1469.7,2
2026-10-05,Mon,weekday,,,24,3,301,8.66,7.67,0.0994,1956.3,1956.3,2072.6,2
2026-10-06,Tue,weekday,,,179,8,280,8.48,7.57,0.0969,2284.6,2283.5,2327.2,2
2026-10-07,Wed,weekday,,,407,17,328,8.16,7.25,0.1,2469.3,2468.9,2489.3,2
2026-10-08,Thu,weekday,,,405,17,329,8.15,7.23,0.0997,2488.2,2483.3,2489.3,2
2026-10-09,Fri,weekday,,,394,17,322,8.19,7.23,0.1015,2451.5,2451.1,2489.3,2
