date,end_date,kind,label,detail
2025-06-29,,network,"Queens bus network redesign, phase 1","Q1,Q2,Q3,Q4,Q5,Q12,Q13,Q14,Q15,Q15A,Q16,Q17,Q20,Q20A,Q20B,Q23,Q25,Q26,Q27,Q28,Q29,Q30,Q31,Q34,Q36,Q38,Q39,Q42,Q43,Q45,Q46,Q48,Q50,Q51,Q54,Q55,Q58,Q59,Q61,Q63,Q64,Q65,Q66,Q67,Q74,Q75,Q76,Q77,Q82,Q83,Q84,Q85,Q86,Q87,Q88,Q89,Q90,Q98,Q110,Q111,Q112,Q113,Q114,Q115,QM1,QM2,QM3,QM4,QM5,QM6,QM7,QM8,QM10,QM11,QM12,QM20,QM21,QM31,QM32,QM35,QM36,QM40,QM42,QM44,QM63,QM64,QM65,QM68,X63,X64,X68"
2025-08-31,,network,"Queens bus network redesign, phase 2","B57,B62,Q06,Q07,Q08,Q09,Q10,Q11,Q18,Q19,Q21,Q22,Q24,Q32,Q33,Q35,Q37,Q40,Q41,Q47,Q49,Q52+,Q56,Q60,Q69,Q72,Q80,Q100,Q101,Q102,Q103,Q104,QM15,QM16,QM17,QM18,QM24,QM25,QM34"
2026-04-22,2026-04-25,gap,Collection gap,4 day(s) with fewer than 12 of 17 hours
2026-04-22,,method,Automatic collection starts,Hourly six-minute bursts of the whole fleet.
2026-04-25,,weather,"Rain, 1.36 in.",Central Park
2026-04-27,2026-05-01,gap,Collection gap,5 day(s) with fewer than 12 of 17 hours
2026-05-04,2026-05-08,gap,Collection gap,5 day(s) with fewer than 12 of 17 hours
2026-05-11,2026-05-15,gap,Collection gap,5 day(s) with fewer than 12 of 17 hours
2026-05-18,2026-05-24,gap,Collection gap,7 day(s) with fewer than 12 of 17 hours
2026-05-23,,weather,"Rain, 0.75 in.",Central Park
2026-05-24,,weather,"Rain, 1.10 in.",Central Park
2026-05-25,,holiday,Memorial Day,Memorial Day
2026-05-26,2026-05-27,gap,Collection gap,2 day(s) with fewer than 12 of 17 hours
2026-05-26,,method,Collection moves to twice an hour,Bursts at :09 and :39 to dodge dropped runs.
2026-06-01,2026-06-05,gap,Collection gap,5 day(s) with fewer than 12 of 17 hours
2026-06-08,2026-06-29,gap,Collection gap,3 day(s) with no data; 19 day(s) with fewer than 12 of 17 hours
2026-06-12,,weather,"Rain, 0.90 in.",Central Park
2026-06-19,,holiday,Juneteenth,Juneteenth
2026-06-22,,weather,"Rain, 1.24 in.",Central Park
2026-06-30,,method,Collector timeouts fixed,Most of June was caught only in the evening; those weeks are not comparable.
2026-07-03,,holiday,Independence Day (observed),Independence Day (observed)
2026-07-06,,weather,"Rain, 1.03 in.",Central Park
2026-07-10,2026-07-10,gap,Collection gap,1 day(s) with fewer than 12 of 17 hours
2026-07-13,2026-07-13,gap,Collection gap,1 day(s) with fewer than 12 of 17 hours
2026-07-18,,weather,"Rain, 1.62 in.",Central Park
2026-08-03,,weather,"Rain, 1.93 in.",Central Park
2026-08-06,2026-08-06,gap,Collection gap,1 day(s) with fewer than 12 of 17 hours
2026-08-07,,weather,"Rain, 0.92 in.",Central Park
2026-08-20,,weather,"Rain, 2.87 in.",Central Park
2026-08-23,,weather,"Rain, 0.96 in.",Central Park
2026-08-27,2026-08-28,gap,Collection gap,2 day(s) with fewer than 12 of 17 hours
2026-09-07,,holiday,Labor Day,Labor Day
2026-09-13,,weather,"Rain, 0.96 in.",Central Park
2026-09-26,,weather,"Rain, 0.99 in.",Central Park
2026-09-27,,weather,"Rain, 1.58 in.",Central Park
2026-10-01,2026-10-06,gap,Collection gap,6 day(s) with fewer than 12 of 17 hours
2026-10-01,,method,GitHub stops starting most scheduled runs,Only three to five bursts a day are caught until the collector is redesigned.
2026-10-06,,method,Self-renewing collector; method version 2,"One long-running collector replaces cron runs. Every day reprocessed: Eastern-time hours, weekdays and weekends apart, routes counted equally, GPS time, layovers dropped, speed with stops added."
