period,group,weekday_routes,weekday_moving_mph,weekday_with_stops_mph,weekend_routes,weekend_moving_mph,weekend_with_stops_mph
2026-W17,B,0,,,56,8.1,7
2026-W17,Bx,0,,,45,8.78,7.67
2026-W17,M,0,,,41,7.32,6.3
2026-W17,Q,0,,,89,9.87,8.78
2026-W17,S,0,,,15,12.52,11.6
2026-W17,X,0,,,26,14.41,12.94
2026-W19,B,0,,,56,8.14,7.09
2026-W19,Bx,0,,,45,8.37,7.2
2026-W19,M,0,,,41,7.23,6.14
2026-W19,Q,0,,,89,9.7,8.56
2026-W19,S,0,,,15,12.26,11.07
2026-W19,X,0,,,26,14.46,12.95
2026-W20,B,0,,,56,8.03,6.87
2026-W20,Bx,0,,,45,8.36,7.14
2026-W20,M,0,,,41,7.05,5.86
2026-W20,Q,0,,,89,9.72,8.52
2026-W20,S,0,,,15,12.07,10.94
2026-W20,X,0,,,26,13.54,11.58
2026-W22,B,0,,,56,8.12,7.07
2026-W22,Bx,0,,,45,8.55,7.34
2026-W22,M,0,,,41,7.14,6.01
2026-W22,Q,0,,,89,9.84,8.67
2026-W22,S,0,,,15,12.25,11.12
2026-W22,X,0,,,26,14.13,12.62
2026-W23,B,0,,,56,8.04,6.99
2026-W23,Bx,0,,,45,8.39,7.29
2026-W23,M,0,,,41,7.1,6.02
2026-W23,Q,0,,,89,9.59,8.42
2026-W23,S,0,,,15,11.99,10.97
2026-W23,X,0,,,26,14.08,12.61
2026-W27,B,57,7.59,6.67,56,8.64,7.51
2026-W27,Bx,46,7.8,6.84,45,8.74,7.55
2026-W27,M,42,6.55,5.64,41,7.72,6.54
2026-W27,Q,92,9.25,8.22,89,10.28,9.04
2026-W27,S,31,12.03,11,15,12.5,11.4
2026-W27,X,77,14.55,13.1,26,15.66,13.91
2026-W28,B,57,7.62,6.64,56,8.26,7.07
2026-W28,Bx,46,7.9,6.85,45,8.42,7.2
2026-W28,M,42,6.53,5.58,41,7.37,6.2
2026-W28,Q,92,9.29,8.23,89,9.91,8.72
2026-W28,S,31,12.35,11.3,15,12.26,11.18
2026-W28,X,77,14.13,12.58,26,14.82,13.26
2026-W29,B,57,7.54,6.56,56,8.38,7.4
2026-W29,Bx,46,7.87,6.83,45,8.54,7.5
2026-W29,M,42,6.42,5.48,41,7.3,6.3
2026-W29,Q,92,9.24,8.21,89,9.86,8.8
2026-W29,S,31,12.07,11,15,12.31,11.46
2026-W29,X,77,13.96,12.43,26,14.88,13.35
2026-W30,B,57,7.56,6.6,56,8.11,7.13
2026-W30,Bx,46,7.86,6.81,45,8.28,7.16
2026-W30,M,42,6.5,5.59,41,7.35,6.37
2026-W30,Q,92,9.22,8.2,89,9.68,8.61
2026-W30,S,31,12.17,11.08,15,12.15,11.24
2026-W30,X,77,14.22,12.76,26,14.24,12.83
2026-W31,B,57,7.55,6.61,56,8.18,7.16
2026-W31,Bx,46,7.79,6.8,45,8.47,7.38
2026-W31,M,42,6.5,5.61,41,7.21,6.14
2026-W31,Q,92,9.22,8.21,89,9.81,8.7
2026-W31,S,31,12.29,11.31,15,12.29,11.28
2026-W31,X,77,13.89,12.46,26,14.25,12.77
2026-W32,B,0,,,56,8.26,7.11
2026-W32,Bx,0,,,45,8.4,7.23
2026-W32,M,0,,,41,7.16,6
2026-W32,Q,0,,,89,9.86,8.71
2026-W32,S,0,,,15,12.34,11.38
2026-W32,X,0,,,26,14.2,12.55
2026-W33,B,57,7.65,6.7,56,8.24,7.19
2026-W33,Bx,46,7.91,6.94,45,8.49,7.37
2026-W33,M,42,6.68,5.74,41,7.23,6.11
2026-W33,Q,92,9.25,8.23,89,9.87,8.76
2026-W33,S,31,12.28,11.2,15,12.4,11.47
2026-W33,X,77,14.69,13.19,26,14.02,12.54
2026-W34,B,57,7.66,6.71,56,8.25,7.21
2026-W34,Bx,46,7.87,6.87,45,8.45,7.34
2026-W34,M,42,6.66,5.75,41,7.36,6.32
2026-W34,Q,92,9.3,8.29,89,9.86,8.82
2026-W34,S,31,12.42,11.28,15,12.33,11.38
2026-W34,X,77,14.8,13.38,26,14.85,13.44
2026-W35,B,57,7.68,6.74,56,8.13,7.03
2026-W35,Bx,46,7.89,6.9,45,8.46,7.32
2026-W35,M,42,6.68,5.77,41,7.38,6.26
2026-W35,Q,92,9.36,8.34,89,9.85,8.72
2026-W35,S,31,12.45,11.48,15,12.24,11.21
2026-W35,X,77,15.02,13.56,26,14.15,12.62
2026-W36,B,57,7.52,6.54,56,8.19,7.09
2026-W36,Bx,46,7.88,6.85,45,8.45,7.31
2026-W36,M,42,6.7,5.74,41,7.42,6.33
2026-W36,Q,92,9.26,8.19,89,9.85,8.7
2026-W36,S,31,12.43,11.31,15,12.22,11.23
2026-W36,X,77,14.51,13.06,26,15.04,13.62
2026-W37,B,57,7.2,6.27,56,8.21,7.17
2026-W37,Bx,46,7.47,6.46,45,8.43,7.4
2026-W37,M,42,6.24,5.31,41,7.11,6.11
2026-W37,Q,92,8.97,7.97,89,9.76,8.67
2026-W37,S,31,11.89,10.82,15,12.21,11.27
2026-W37,X,77,12.55,11.2,26,14.41,12.95
2026-W38,B,57,7.2,6.3,56,8.09,7.1
2026-W38,Bx,46,7.52,6.54,45,8.42,7.39
2026-W38,M,42,6.3,5.43,41,6.92,5.92
2026-W38,Q,92,8.95,7.97,89,9.76,8.71
2026-W38,S,31,11.77,10.69,15,12.38,11.47
2026-W38,X,77,12.79,11.57,26,14.08,12.63
2026-W39,B,57,7.34,6.46,56,8.68,7.63
2026-W39,Bx,46,7.62,6.73,45,8.83,7.78
2026-W39,M,42,6.19,5.28,41,7.46,6.41
2026-W39,Q,92,9.05,8.11,89,10.24,9.16
2026-W39,S,31,11.87,10.87,15,13,12.08
2026-W39,X,77,12.85,11.25,26,14.67,13.15
2026-W40,B,57,7.41,6.51,0,,
2026-W40,Bx,46,7.59,6.67,0,,
2026-W40,M,42,6.35,5.5,0,,
2026-W40,Q,92,8.97,8.02,0,,
2026-W40,S,31,11.88,10.87,0,,
2026-W40,X,77,13.32,12,0,,
