period,start_date,end_date,days,weekdays,weekend_days,holiday_days,coverage_pct,comparable,weekday_complete,weekend_complete,index_moving_mph,index_with_stops_mph,index_stopped_share,index_buses_in_service,weekday_moving_mph,weekday_with_stops_mph,weekday_stopped_share,weekday_6am_moving_mph,weekday_am_peak_moving_mph,weekday_midday_moving_mph,weekday_pm_peak_moving_mph,weekday_evening_moving_mph,weekday_am_peak_with_stops_mph,weekday_pm_peak_with_stops_mph,weekday_buses_in_service,weekday_trips_scheduled,weekday_service_ratio,weekend_moving_mph,weekend_with_stops_mph,weekend_stopped_share,weekend_buses_in_service,mta_style_moving_mph,mta_style_with_stops_mph,snapshots,method_version
2026-W17,2026-04-22,2026-04-26,5,3,2,0,26,false,false,true,,,,,,,,,,,,,,,,,,9.01,7.93,0.1076,1363.5,,,411,2
2026-W18,2026-04-27,2026-05-03,7,5,2,0,51,false,false,false,,,,,,,,,,,,,,,,,,,,,,,,986,2
2026-W19,2026-05-04,2026-05-10,7,5,2,0,47,false,false,true,,,,,,,,,,,,,,,,,,8.86,7.75,0.1103,1459.7,,,942,2
2026-W20,2026-05-11,2026-05-17,7,5,2,0,64,false,false,true,,,,,,,,,,,7.64,,,6.81,,,,8.79,7.6,0.1227,1436,,,1148,2
2026-W21,2026-05-18,2026-05-24,7,5,2,0,49,false,false,false,,,,,,,,,,,7.71,,,6.75,,,,,,,,,,950,2
2026-W22,2026-05-25,2026-05-31,7,4,2,1,82,false,false,true,,,,,,,,,,,7.85,,,6.87,,,,8.91,7.78,0.1127,1459.5,,,1998,2
2026-W23,2026-06-01,2026-06-07,7,5,2,0,31,false,false,true,,,,,,,,,,,,,,,,,,8.74,7.65,0.1093,1474.6,,,632,2
2026-W24,2026-06-08,2026-06-14,6,5,1,0,13,false,false,false,,,,,,,,,,,,,,,,,,,,,,,,231,2
2026-W25,2026-06-16,2026-06-21,6,3,2,1,13,false,false,false,,,,,,,,,,,,,,,,,,,,,,,,211,2
2026-W26,2026-06-22,2026-06-28,7,5,2,0,8,false,false,false,,,,,,,,,,,,,,,,,,,,,,,,177,2
2026-W27,2026-06-30,2026-07-05,6,3,2,1,93,false,true,true,8.69,7.68,0.1021,2044.37,8.44,7.49,0.0977,,8.53,7.95,8.05,,7.61,7.12,2290.6,,,9.32,8.15,0.1131,1428.8,9.59,8.53,1429,2
2026-W28,2026-07-06,2026-07-12,7,5,2,0,86,true,true,true,8.64,7.59,0.1075,2078.61,8.5,7.5,0.1039,,8.47,8.1,8.04,9.19,7.51,7.11,2314.1,,,8.98,7.82,0.1165,1489.9,9.47,8.38,1518,2
2026-W29,2026-07-13,2026-07-19,7,5,2,0,83,true,true,true,8.6,7.6,0.1018,2071.97,8.43,7.44,0.1037,9.47,8.3,7.96,7.97,,7.38,6.99,2313.4,,,9.01,7.99,0.0969,1468.4,9.43,8.37,1731,2
2026-W30,2026-07-20,2026-07-26,7,5,2,0,93,true,true,true,8.55,7.57,0.1003,2066.99,8.44,7.47,0.1009,9.59,8.39,8,7.91,,7.43,7.04,2300.9,,,8.83,7.81,0.0988,1482.2,9.41,8.38,1730,2
2026-W31,2026-07-27,2026-08-02,7,5,2,0,89,true,true,true,8.58,7.59,0.1003,2064.67,8.45,7.49,0.0982,,8.41,8,7.95,,7.47,7.07,2305.5,,,8.92,7.85,0.1056,1462.6,9.39,8.36,1778,2
2026-W32,2026-08-03,2026-08-09,7,5,2,0,83,false,false,true,,,,,,,,,8.44,,7.97,,7.52,7.06,,,,8.93,7.81,0.1118,1429.1,,,1828,2
2026-W33,2026-08-10,2026-08-16,7,5,2,0,97,true,true,true,8.67,7.66,0.101,2050.37,8.54,7.57,0.099,9.78,8.61,8.09,8,,7.64,7.07,2287,,,8.98,7.89,0.1061,1458.8,9.55,8.5,2484,2
2026-W34,2026-08-17,2026-08-23,7,5,2,0,99,true,true,true,8.66,7.69,0.0983,2065.36,8.53,7.58,0.0981,9.8,8.63,8.07,8.12,9.16,7.67,7.21,2305.9,,,8.97,7.95,0.0988,1464,9.57,8.56,2580,2
2026-W35,2026-08-24,2026-08-30,7,5,2,0,78,true,true,true,8.68,7.67,0.0991,2057.21,8.57,7.61,0.0979,9.78,8.62,8.16,,9.21,7.69,,2288.3,,,8.95,7.83,0.1022,1479.5,9.58,8.53,1951,2
2026-W36,2026-08-31,2026-09-06,7,5,2,0,97,true,true,true,8.64,7.6,0.1009,2058.26,8.51,7.5,0.099,9.82,8.52,8,8,9.34,7.47,7.12,2293.4,,,8.97,7.85,0.1057,1470.4,9.53,8.45,2626,2
2026-W37,2026-09-07,2026-09-13,7,4,2,1,98,true,true,true,8.36,7.38,0.1005,2130.44,8.15,7.19,0.1005,9.4,8.02,7.66,7.57,9.1,7.07,6.69,2378.9,2474.5,0.961,8.88,7.85,0.1004,1509.3,9.06,8.04,2682,2
2026-W38,2026-09-14,2026-09-20,7,5,2,0,98,true,true,true,8.34,7.39,0.0998,2151.56,8.15,7.22,0.0994,9.23,7.81,7.71,7.61,9.19,6.96,6.77,2425.5,2489.3,0.974,8.83,7.82,0.1009,1466.7,9.06,8.08,2698,2
2026-W39,2026-09-21,2026-09-27,7,5,2,0,98,true,true,true,8.55,7.61,0.0954,2130.09,8.23,7.33,0.0941,9.33,8.01,7.78,7.67,9.21,7.11,6.84,2404.2,2483.4,0.968,9.34,8.3,0.0985,1444.8,9.26,8.25,2629,2
2026-W40,2026-09-28,2026-10-04,7,5,2,0,54,false,true,false,,,,,8.25,7.36,0.0964,9.21,7.97,7.81,7.75,,7.14,6.93,2437.6,2489.5,0.979,,,,,,,1302,2
2026-W41,2026-10-05,2026-10-07,3,3,0,0,55,false,false,false,,,,,,,,,,,,,,,,,,,,,,,,610,2
